,name,description,is_sequential,parallel_dimensions,id
0,Basic Pitch Histogram,"A feature vector consisting of bin magnitudes of the basic pitch histogram described in the jSymbolic manual. Each bin corresponds to one of the 128 MIDI pitches, ordered from lowest to highest, and with an interval of a semitone between each (enharmonic equivalents are assigned the same pitch number). Bin 60 corresponds to middle C. The magnitude of of each bin is proportional to the the number of times notes occurred at the bin's pitch in the piece, relative to all other pitches in the piece (the histogram is normalized).",True,128,Basic_Pitch_Histogram
1,Pitch Class Histogram,"A feature vector consisting of bin magnitudes of the pitch class histogram described in the jSymbolic manual. Each bin corresponds to one of the 12 pitch classes, ordered in increasing pitch with an interval of a semitone between each (enharmonic equivalents are assigned the same pitch class number). The first bin corresponds to the most common pitch class in the piece under consideration (it does NOT correspond to a set pitch class). The magnitude of of each bin is proportional to the the number of times notes occurred at the bin's pitch class in the piece, relative to all other pitch classes in the piece (the histogram is normalized).",True,12,Pitch_Class_Histogram
2,Folded Fifths Pitch Class Histogram,"A feature vector consisting of bin magnitudes of the folded fifths pitch class histogram described in the jSymbolic manual. Each bin corresponds to one of the 12 pitch classes, and the bins are ordered such that adjacent bins are separated by an ascending perfect fifth. Bin 0 corresponds to C. Enharmonic equivalents are assigned the same pitch class number. The magnitude of of each bin is proportional to the the number of times notes occurred at the bin's pitch class in the piece, relative to all other pitch classes in the piece (the histogram is normalized).",True,12,Folded_Fifths_Pitch_Class_Histogram
3,Number of Pitches,Number of unique pitches that occur at least once in the piece. Enharmonic equivalents are grouped together for the purpose of this calculation.,True,1,Number_of_Pitches
4,Number of Pitch Classes,Number of pitch classes that occur at least once in the piece. Enharmonic equivalents are grouped together for the purpose of this calculation.,True,1,Number_of_Pitch_Classes
5,Number of Common Pitches,Number of unique pitches that account individually for at least 9% of all notes. Enharmonic equivalents are grouped together for the purpose of this calculation.,True,1,Number_of_Common_Pitches
6,Number of Common Pitch Classes,Number of pitch classes that account individually for at least 20% of all notes. Enharmonic equivalents are grouped together for the purpose of this calculation.,True,1,Number_of_Common_Pitch_Classes
7,Range,Difference in semitones between the highest and lowest pitches.,True,1,Range
8,Importance of Bass Register,Fraction of notes between MIDI pitches 0 and 54.,True,1,Importance_of_Bass_Register
9,Importance of Middle Register,Fraction of notes between MIDI pitches 55 and 72.,True,1,Importance_of_Middle_Register
10,Importance of High Register,Fraction of notes between MIDI pitches 73 and 127.,True,1,Importance_of_High_Register
11,Dominant Spread,Largest number of consecutive pitch classes separated by perfect 5ths that each individually account for at least 9% of the total notes in the piece.,True,1,Dominant_Spread
12,Strong Tonal Centres,Number of isolated peaks in the fifths pitch histogram that each individually account for at least 9% of all notes in the piece.,True,1,Strong_Tonal_Centres
13,Mean Pitch,"Mean MIDI pitch value, averaged across all pitched notes in the piece. Set to 0 if there are no pitched notes.",True,1,Mean_Pitch
14,Mean Pitch Class,"Mean pitch class value, averaged across all pitched notes in the piece. A value of 0 corresponds to a mean pitch class of C, and pitches increase chromatically by semitone in integer units from there (e.g. a value of 2 would mean that D is the mean pitch class). Enharmonic equivalents are treated as a single pitch class.",True,1,Mean_Pitch_Class
15,Most Common Pitch,MIDI pitch value of the most frequently occuring pitch.,True,1,Most_Common_Pitch
16,Most Common Pitch Class,"The pitch class that occurs most frequently compared to other pitch classes. A value of 0 corresponds to C, and pitches increase chromatically by semitone in integer untis (e.g. a value of 2 would mean that D is the most common pitch class). Enharmonic equivalents are treated as a single pitch class.",True,1,Most_Common_Pitch_Class
17,Prevalence of Most Common Pitch,Fraction of notes that correspond to the most common pitch.,True,1,Prevalence_of_Most_Common_Pitch
18,Prevalence of Most Common Pitch Class,Fraction of notes that correspond to the most common pitch class.,True,1,Prevalence_of_Most_Common_Pitch_Class
19,Relative Prevalence of Top Pitches,"Relative frequency of the second most common pitch in the piece, divided by the relative frequency of the most common pitch.",True,1,Relative_Prevalence_of_Top_Pitches
20,Relative Prevalence of Top Pitch Classes,"Relative frequency of the of the second most common pitch class in the piece, divided by the relative frequency of the most common pitch class.",True,1,Relative_Prevalence_of_Top_Pitch_Classes
21,Interval Between Most Prevalent Pitches,Absolute value of the difference (in semitones) between the pitches of the two most frequently occurring pitches.,True,1,Interval_Between_Most_Prevalent_Pitches
22,Interval Between Most Prevalent Pitch Classes,Absolute value of the difference (in semitones) between the pitches of the two most frequently occurring pitch classes.,True,1,Interval_Between_Most_Prevalent_Pitch_Classes
23,Pitch Variability,Standard deviation of the MIDI pitches of all pitched notes in the piece. Provides a measure of how close the pitches as a whole are to the mean pitch.,True,1,Pitch_Variability
24,Pitch Class Variability,"Standard deviation of the pitch classes (where 0 corresponds to C, 1 to C#/Db, etc.) of all pitched notes in the piece. Provides a measure of how close the pitch classes as a whole are to the mean pitch class.",True,1,Pitch_Class_Variability
25,Pitch Class Variability After Folding,Standard deviation of the pitch classes in the piece after being folded by perfect fifths as described for the folded fifths pitch class histogram. Provides a measure of how close the pitch classes are as a whole from the mean pitch class from a dominant-tonic perspective.,True,1,Pitch_Class_Variability_After_Folding
26,Pitch Skewness,Skewness of the MIDI pitches of all pitched notes in the piece. Provides a measure of how asymmetrical the pitch distribution is to either the left or the right of the mean pitch. A value of zero indicates no skew.,True,1,Pitch_Skewness
27,Pitch Class Skewness,"Skewness of the pitch classes (where 0 corresponds to C, 1 to C#/Db, etc.) of all pitched notes in the piece. Provides a measure of how asymmetrical the pitch class distribution is to either the left or the right of the mean pitch class. A value of zero indicates no skew.",True,1,Pitch_Class_Skewness
28,Pitch Class Skewness After Folding,"Skewness of the pitch classes (where 0 corresponds to C, 1 to C#/Db, etc.) of all pitched notes in the piece. Provides a measure of how asymmetrical the pitch class distribution is to either the left or the right of the mean pitch class. A value of zero indicates no skew.",True,1,Pitch_Class_Skewness_After_Folding
29,Pitch Kurtosis,"Kurtosis of the MIDI pitches of all pitched notes in the piece. Provides a measure of how peaked or flat the pitch distribution is. The higher the kurtosis, the more the pitches are clustered near the mean and the fewer outliers there are.",True,1,Pitch_Kurtosis
30,Pitch Class Kurtosis,"Kurtosis of the pitch classes (where 0 corresponds to C, 1 to C#/Db, etc.) of all pitched notes in the piece. Provides a measure of how peaked or flat the pitch class distribution is. The higher the kurtosis, the more the pitch classes are clustered near the mean and the fewer outliers there are.",True,1,Pitch_Class_Kurtosis
31,Pitch Class Kurtosis After Folding,Kurtosis of the pitch classes after being folded by perfect fifths as described for the folded fifths pitch class histogram. Provides a measure of how peaked or flat the pitch classes are from a dominant-tonic perspective.,True,1,Pitch_Class_Kurtosis_After_Folding
32,Major or Minor,"Whether the piece is major or minor, as indicated by the first encountered major/minor metadata tag in the piece. Set to 0 if the metadata indicates that the piece is major, or set to 1 if the metadata indicates that it is minor. Defaults to 0 if the key signature is unknown.",True,1,Major_or_Minor
33,First Pitch,"The MIDI pitch value of the first note in the piece. If there are multiple notes with simultaneous attacks at the beginning of the piece, then the one with the lowest pitch is selected. Set to 0 if there are no pitched notes.",True,1,First_Pitch
34,First Pitch Class,"The pitch class of the first note in the piece. If there are multiple notes with simultaneous attacks at the beginning of the piece, then the one with the lowest pitch is selected. A value of 0 corresponds to C, and pitches increase chromatically by semitone in integer units (e.g. a value of 2 would mean that D is the most common pitch class). Enharmonic equivalents are treated as a single pitch class. Set to 0 if there are no pitched notes.",True,1,First_Pitch_Class
35,Last Pitch,"The MIDI pitch value of the last note in the piece. If there are multiple notes with simultaneous attacks at the end of the piece, then the one with the lowest pitch is selected. Set to 0 if there are no pitched notes.",True,1,Last_Pitch
36,Last Pitch Class,"The pitch class of the last note in the piece. If there are multiple notes with simultaneous attacks at the end of the piece, then the one with the lowest pitch is selected. A value of 0 corresponds to C, and pitches increase chromatically by semitone in integer units (e.g. a value of 2 would mean that D is the most common pitch class). Enharmonic equivalents are treated as a single pitch class. Set to 0 if there are no pitched notes.",True,1,Last_Pitch_Class
37,Glissando Prevalence,"Number of pitched MIDI Note Ons that have at least one MIDI Pitch Bend associated with them, divided by the total number of pitched Note Ons in the piece.",True,1,Glissando_Prevalence
38,Average Range of Glissandos,"Average range of MIDI Pitch Bends, where ""range"" is defined as the greatest value of the absolute difference between 64 and the second data byte of all MIDI Pitch Bend messages falling between the Note On and Note Off messages of any note in the piece. Set to 0 if there are no MIDI Pitch Bends in the piece.",True,1,Average_Range_of_Glissandos
39,Vibrato Prevalence,"Number of pitched notes that have associated MIDI Pitch Bend messages change direction at least twice in connection with the note in question, divided by the total number of pitched Note Ons in the piece.",True,1,Vibrato_Prevalence
40,Microtone Prevalence,"Number of pitched notes that are each associated with exactly one MIDI Pitch Bend message, divided by the total number of pitched Note Ons in the piece. Set to 0 if there are no pitched Note Ons in the piece.",True,1,Microtone_Prevalence
41,Melodic Interval Histogram,"A feature vector consisting of the bin magnitudes of the melodic interval histogram described above. Each bin corresponds to a melodic interval, and the bin index indicates the number of semitones comprising the interval associated with the bin (there are 128 bins in all). For example, bin 0 corresponds to repeated pitches, bin 1 to a melodic interval of one semitone, bin 2 to a melodic interval of 2 semitones, etc. The magnitude of each bin is proportional to the fraction of melodic intervals in the piece that are of the kind associated with the bin (this histogram is normalized). Rising and falling intervals are treated as identical. Melodies are assumed to be contained within individual MIDI tracks and channels, so melodic intervals are found separately for each track and channel before being combined in this histogram. It is also assumed that there is only one melody at a time per MIDI channel (if multiple notes occur simultaneously on the same MIDI tick on the same MIDI track and channel, then all notes but the first note on that tick are ignored). Other than this, all notes on the same track and the same channel are treated as if they are part of a single melody. It is also assumed that melodies do not cross MIDI tracks or channels (i.e. that they are each separately contained in their own track and channel). Only pitched notes are considered, so all notes on the unpitched MIDI Channel 10 are ignored.",True,128,Melodic_Interval_Histogram
42,Most Common Melodic Interval,Number of semitones corresponding to the most frequently occurring melodic interval.,True,1,Most_Common_Melodic_Interval
43,Mean Melodic Interval,Mean average (in semitones) of the intervals involved in each of the melodic intervals in the piece.,True,1,Mean_Melodic_Interval
44,Number of Common Melodic Intervals,Number of different melodic intervals that each account individually for at least 9% of all melodic intervals.,True,1,Number_of_Common_Melodic_Intervals
45,Distance Between Most Prevalent Melodic Intervals,Absolute value of the difference (in semitones) between the most common and second most common melodic intervals in the piece.,True,1,Distance_Between_Most_Prevalent_Melodic_Intervals
46,Prevalence of Most Common Melodic Interval,Fraction of all melodic intervals that corresponds to the most common melodic interval.,True,1,Prevalence_of_Most_Common_Melodic_Interval
47,Relative Prevalence of Most Common Melodic Intervals,"Relative frequency of the second most common melodic interval in the piece, divided by the relative frequency of the most common melodic interval..",True,1,Relative_Prevalence_of_Most_Common_Melodic_Intervals
48,Amount of Arpeggiation,"Fraction of melodic intervals that are repeated notes, minor thirds, major thirds, perfect fifths, minor sevenths, major sevenths, octaves, minor tenths or major tenths. This is only a very approximate measure of the amount of arpeggiation in the music, of course.",True,1,Amount_of_Arpeggiation
49,Repeated Notes,Fraction of melodic intervals that correspond to repeated notes.,True,1,Repeated_Notes
50,Chromatic Motion,Fraction of melodic intervals that correspond to a semitone.,True,1,Chromatic_Motion
51,Stepwise Motion,Fraction of melodic intervals that correspond to a minor or major second.,True,1,Stepwise_Motion
52,Melodic Thirds,Fraction of melodic intervals that are major or minor thirds.,True,1,Melodic_Thirds
53,Melodic Perfect Fourths,Fraction of melodic intervals that are perfect fourths.,True,1,Melodic_Perfect_Fourths
54,Melodic Tritones,Fraction of melodic intervals that are tritones.,True,1,Melodic_Tritones
55,Melodic Perfect Fifths,Fraction of melodic intervals that are perfect fifths.,True,1,Melodic_Perfect_Fifths
56,Melodic Sixths,Fraction of melodic intervals that are major or minor sixths.,True,1,Melodic_Sixths
57,Melodic Sevenths,Fraction of melodic intervals that are major or minor sevenths.,True,1,Melodic_Sevenths
58,Melodic Octaves,Fraction of melodic intervals that are octaves.,True,1,Melodic_Octaves
59,Melodic Large Intervals,Fraction of melodic intervals greater than one octave.,True,1,Melodic_Large_Intervals
60,Minor Major Melodic Third Ratio,"Combined fraction of all melodic intervals that are minor thirds, divided by the combined fraction of all melodic intervals that are major thirds. Set to 0 if there are no melodic minor thirds or melodic major thirds.",True,1,Minor_Major_Melodic_Third_Ratio
61,Melodic Embellishments,Fraction of all notes that are surrounded on both sides by MIDI Note Ons on the same MIDI channel that have durations at least three times as long as the central note. Set to 0 if there are no notes in the piece.,True,1,Melodic_Embellishments
62,Direction of Melodic Motion,Fraction of melodic intervals that are rising in pitch. Set to zero if no rising or falling melodic intervals are found.,True,1,Direction_of_Melodic_Motion
63,Average Length of Melodic Arcs,Average number of notes that separate melodic peaks and troughs. Similar assumptions are made in the calculation of this feature as for the Melodic Interval Histogram. Set to 0 if no melodic arcs are found.,True,1,Average_Length_of_Melodic_Arcs
64,Average Interval Spanned by Melodic Arcs,Average melodic interval (in semitones) separating the top note of melodic peaks and the bottom note of adjacent melodic troughs. Similar assumptions are made in the calculation of this feature as for the Melodic Interval Histogram.,True,1,Average_Interval_Spanned_by_Melodic_Arcs
65,Melodic Pitch Variety,Average number of notes that go by in a MIDI channel before a note's pitch is repeated (including the repeated note itself). This is calculated across each channel individually before being combined. Notes that occur simultaneously on the same MIDI tick are only counted as one note for the purpose of this calculation. Notes that do not recur after 16 notes in the same channel are not included in this calculation. Set to 0 if there are no qualifying repeated notes in the piece.,True,1,Melodic_Pitch_Variety
66,Vertical Interval Histogram,"A feature vector consisting of bin magnitudes of the vertical interval histogram described in the jSymbolic manual. Each of the bins is associated with a different vertical pitch interval, and is labeled with the number of semitones in that corresponding interval. More specifically, these are numbered from 0 (a unison) to 127 (a vertical interval of 127 semitones). The magnitude of each bin is found by going through a recoding MIDI tick by MIDI tick and noting all vertical intervals that are sounding at each tick, as well as the MIDI velocities of the pair of notes involved in each vertical interval. The end result is a histogram that indicates which vertical intervals are present, and how significant these vertical intervals are relative to one another, with a weighting based on both MIDI velocity and the aggregated durations with which each interval is held throughout the piece. Finally, the histogram is normalized.",True,128,Vertical_Interval_Histogram
67,Wrapped Vertical Interval Histogram,"A feature vector consisting of bin magnitudes of the wrapped vertical interval histogram described in the jSymbolic manual. Each of the bins is associated with a different vertical pitch interval, and is labeled with the number of semitones in that corresponding interval. More specifically, these are numbered from 0 (a unison) to 11 (a vertical interval of 11 semitones). The magnitude of each bin is found by going through a recoding MIDI tick by MIDI tick and noting all vertical intervals that are sounding at each tick, as well as the MIDI velocities of the pair of notes involved in each vertical interval. Intervals larger than 11 semitones are wrapped (e.g. an octave (12 semitones) is added to the bin for unisons (0 semitones)). The end result is a histogram that indicates which vertical intervals are present, and how significant these vertical intervals are relative to one another, with a weighting based on both MIDI velocity and the aggregated durations with which each interval is held throughout the piece. Finally, the histogram is normalized.",True,12,Wrapped_Vertical_Interval_Histogram
68,Chord Type Histogram,"A feature vector consisting of bin magnitudes of the chord type histogram described in the jSymbolic manual. This is a normalized histogram that has bins labeled with types of chords (in the following order and with the indicated identifying codes): partial chords consisting of just two pitch classes [0], minor triads [1], major triads [2], diminished triads [3], augmented triads [4], other triads [5], minor seventh chords [6], dominant seventh chords [7], major seventh chords [8], other chords consisting of four pitch classes [9], and complex chords with more than four pitch classes [10]. The bin magnitudes are calculated by going through MIDI ticks one by one and incrementing the counter for the bin that corresponds to the chord, if any, that is present during eah given tick; the result is that the chords in this histogram are weighted by the duration with which each chord is played. All inversions are treated as equivalent and octave doubling is ignored in the calculation of this histogram. Melodic behaviour is not considered, so arpeggios are not counted in this histogram.",True,11,Chord_Type_Histogram
69,Average Number of Simultaneous Pitch Classes,Average number of different pitch classes sounding simultaneously. Rests are excluded from this calculation.,True,1,Average_Number_of_Simultaneous_Pitch_Classes
70,Variability of Number of Simultaneous Pitch Classes,Standard deviation of the number of different pitch classes sounding simultaneously. Rests are excluded from this calculation.,True,1,Variability_of_Number_of_Simultaneous_Pitch_Classes
71,Average Number of Simultaneous Pitches,"Average number of pitches sounding simultaneously. Rests are excluded from this calculation. Unisons are also excluded from this calculation, but octave multiples are included in it.",True,1,Average_Number_of_Simultaneous_Pitches
72,Variability of Number of Simultaneous Pitches,"Standard deviation of the number of pitches sounding simultaneously. Rests are excluded from this calculation. Unisons are also excluded from this calculation, but octave multiples are included in it.",True,1,Variability_of_Number_of_Simultaneous_Pitches
73,Most Common Vertical Interval,The interval in semitones corresponding to the wrapped vertical interval histogram bin with the highest magnitude.,True,1,Most_Common_Vertical_Interval
74,Second Most Common Vertical Interval,The interval in semitones corresponding to the wrapped vertical interval histogram bin with the second highest magnitude.,True,1,Second_Most_Common_Vertical_Interval
75,Distance Between Two Most Common Vertical Intervals,The interval in semitones between the wrapped vertical interval histogram bins with the two most common vertical intervals.,True,1,Distance_Between_Two_Most_Common_Vertical_Intervals
76,Prevalence of Most Common Vertical Interval,Fraction of vertical intervals on the wrapped vertical interval histogram corresponding to the most common vertical interval.,True,1,Prevalence_of_Most_Common_Vertical_Interval
77,Prevalence of Second Most Common Vertical Interval,Fraction of vertical intervals on the wrapped vertical interval histogram corresponding to the second most common vertical interval.,True,1,Prevalence_of_Second_Most_Common_Vertical_Interval
78,Prevalence Ratio of Two Most Common Vertical Intervals,Ratio between the fraction of notes corresponding to the second most common vertical interval on the wrapped vertical interval histogram and the fraction of vertical intervals corresponding to the most common vertical interval. Set to 0 if either of these prevalences are 0.,True,1,Prevalence_Ratio_of_Two_Most_Common_Vertical_Intervals
79,Vertical Unisons,Fraction of all vertical intervals that are unisons. This is weighted by how long intervals are held (e.g. an interval lasting a whole note will be weighted four times as strongly as an interval lasting a quarter note).,True,1,Vertical_Unisons
80,Vertical Minor Seconds,Fraction of all wrapped vertical intervals that are minor seconds. This is weighted by how long intervals are held (e.g. an interval lasting a whole note will be weighted four times as strongly as an interval lasting a quarter note).,True,1,Vertical_Minor_Seconds
81,Vertical Thirds,Fraction all wrapped vertical intervals that are minor or major thirds. This is weighted by how long intervals are held (e.g. an interval lasting a whole note will be weighted four times as strongly as an interval lasting a quarter note).,True,1,Vertical_Thirds
82,Vertical Tritones,Fraction of all wrapped vertical intervals that are tritones. This is weighted by how long intervals are held (e.g. an interval lasting a whole note will be weighted four times as strongly as an interval lasting a quarter note).,True,1,Vertical_Tritones
83,Vertical Perfect Fourths,Fraction of all wrapped vertical intervals that are perfect fourths. This is weighted by how long intervals are held (e.g. an interval lasting a whole note will be weighted four times as strongly as an interval lasting a quarter note).,True,1,Vertical_Perfect_Fourths
84,Vertical Perfect Fifths,Fraction of all wrapped vertical intervals that are perfect fifths. This is weighted by how long intervals are held (e.g. an interval lasting a whole note will be weighted four times as strongly as an interval lasting a quarter note).,True,1,Vertical_Perfect_Fifths
85,Vertical Sixths,Fraction all wrapped vertical intervals that are minor or major sixths. This is weighted by how long intervals are held (e.g. an interval lasting a whole note will be weighted four times as strongly as an interval lasting a quarter note).,True,1,Vertical_Sixths
86,Vertical Sevenths,Fraction all wrapped vertical intervals that are minor or major sevenths. This is weighted by how long intervals are held (e.g. an interval lasting a whole note will be weighted four times as strongly as an interval lasting a quarter note).,True,1,Vertical_Sevenths
87,Vertical Octaves,Fraction of all wrapped vertical intervals that are octaves. This is weighted by how long intervals are held (e.g. an interval lasting a whole note will be weighted four times as strongly as an interval lasting a quarter note).,True,1,Vertical_Octaves
88,Perfect Vertical Intervals,"Fraction of all wrapped vertical intervals that are unisons, perfect fourths, perfect fifths or octaves. This is weighted by how long intervals are held (e.g. an interval lasting a whole note will be weighted four times as strongly as an interval lasting a quarter note).",True,1,Perfect_Vertical_Intervals
89,Vertical Dissonance Ratio,"Ratio of all wrapped vertical intervals that are dissonant (2nds, tritones, and 7ths to all wrapped vertical intervals that are consonant (unisons, 3rds, 4ths, 5ths, 6ths, octaves). This is weighted by how long each of these intervals are held (e.g. an interval lasting a whole note will be weighted four times as strongly as an interval lasting a quarter note). Set to 0 if there are no dissonant vertical intervals or no consonant vertical intervals.",True,1,Vertical_Dissonance_Ratio
90,Vertical Minor Third Prevalence,Fraction of the music by time where at least one wrapped vertical minor third is sounding (regardless of whatever other vertical intervals may or may not be sounding at the same time). Only that part of the music where one or more pitched notes is sounding is included in this calculation (rests and sections containing only unpitched notes are ignored).,True,1,Vertical_Minor_Third_Prevalence
91,Vertical Major Third Prevalence,Fraction of the music by time where at least one wrapped vertical major third is sounding (regardless of whatever other vertical intervals may or may not be sounding at the same time). Only that part of the music where one or more pitched notes is sounding is included in this calculation (rests and sections containing only unpitched notes are ignored).,True,1,Vertical_Major_Third_Prevalence
92,Chord Duration,"Average duration a chord in units of time corresponding to the duration of an idealized quarter note. A ""chord"" here is considered to stay the same as long as no new pitch classes are added, and no pitch classes are taken away. This ""chord"" may consist of any number of pitch classes, even only one. A ""chord"" is not considered to end if it is split by one or more rests (although the rests themselves are not counted in the duration of the ""chord"").",True,1,Chord_Duration
93,Partial Chords,Fraction of simultaneously sounding pitch groups that consist of only two pitch classes. This is weighted by how long pitch groups are held (e.g. a pitch group lasting a whole note will be weighted four times as strongly as a pitch group lasting a quarter note).,True,1,Partial_Chords
94,Standard Triads,Fraction of all simultaneously sounding pitch groups that are either major or minor triads. This is weighted by how long pitch groups are held (e.g. a pitch group lasting a whole note will be weighted four times as strongly as a pitch group lasting a quarter note).,True,1,Standard_Triads
95,Diminished and Augmented Triads,Fraction of all simultaneously sounding pitch groups that are either diminished or augmented triads. This is weighted by how long pitch groups are held (e.g. a pitch group lasting a whole note will be weighted four times as strongly as a pitch group lasting a quarter note).,True,1,Diminished_and_Augmented_Triads
96,Dominant Seventh Chords,Fraction of all simultaneously sounding pitch groups that are dominant seventh chords. This is weighted by how long pitch groups are held (e.g. a pitch group lasting a whole note will be weighted four times as strongly as a pitch group lasting a quarter note).,True,1,Dominant_Seventh_Chords
97,Seventh Chords,"Fraction of all simultaneously sounding pitch groups that are dominant seventh, major seventh or minor seventh chords. This is weighted by how long pitch groups are held (e.g. a pitch group lasting a whole note will be weighted four times as strongly as a pitch group lasting a quarter note).",True,1,Seventh_Chords
98,Non-Standard Chords,"Fraction of all simultaneously sounding pitch groups that consist of more than two pitch classes yet are not major triads, are not minor triads and are not seventh chords. This is weighted by how long pitch groups are held (e.g. a pitch group lasting a whole note will be weighted four times as strongly as a pitch group lasting a quarter note).",True,1,Non-Standard_Chords
99,Complex Chords,Fraction of all simultaneously sounding pitch groups that contain more that four pitch classes. This is weighted by how long pitch groups are held (e.g. a pitch group lasting a whole note will be weighted four times as strongly as a pitch group lasting a quarter note).,True,1,Complex_Chords
100,Minor Major Triad Ratio,The prevalence of minor triads divided by the prevalence of major triads. This is weighted by how long the chords are held (e.g. a chord lasting a whole note will be weighted four times as strongly as a chord lasting a quarter note). Set to 0 if there are no minor triads or if there are no major triads.,True,1,Minor_Major_Triad_Ratio
101,Initial Time Signature,"A feature vector consisting of two values. The first is the numerator of the first specified time signature in the piece, and the second is the denominator of the same time signature. Set to 4/4 if no time signature is specified.",True,2,Initial_Time_Signature
102,Simple Initial Meter,"Set to 1 if the initial meter is a standard simple meter (i.e. if the numerator of the time signature is 2, 3 or 4) and to 0 otherwise.",True,1,Simple_Initial_Meter
103,Compound Initial Meter,"Set to 1 if the initial meter is a standard compound meter (i.e. if the numerator of the time signature is 6, 9, 12, 15, 18 or 24) and to 0 otherwise.",True,1,Compound_Initial_Meter
104,Complex Initial Meter,"Set to 1 if the initial meter is a standard complex meter (i.e. if the numerator of the time signature is 5, 7, 9, 11, 13, 15, 22 or 25) and to 0 otherwise.",True,1,Complex_Initial_Meter
105,Duple Initial Meter,Set to 1 if the initial meter is a standard simple or compound duple meter (i.e. if the numerator of the time signature is 2 or 6) and to 0 otherwise.,True,1,Duple_Initial_Meter
106,Triple Initial Meter,"Set to 1 if the initial meter is a standard compound meter (i.e. if the numerator of the time signature is 6, 9, 12, 15, 18 or 24) and to 0 otherwise.",True,1,Triple_Initial_Meter
107,Quadruple Initial Meter,Set to 1 if the initial meter is a standard simple or compound quadruple meter (i.e. if the numerator of the time signature is 4 or 12) and to 0 otherwise.,True,1,Quadruple_Initial_Meter
108,Metrical Diversity,The number of different (unique) time signatures found in the piece. Set to 1 if no time signature is specified.,True,1,Metrical_Diversity
109,Total Number of Notes,"Total number of notes, including both pitched and unpitched notes.",True,1,Total_Number_of_Notes
110,Note Density per Quarter Note,"Average number of note onsets per unit of time corresponding to an idealized quarter note. Takes into account all notes in all voices, including both pitched and unpitched notes.",True,1,Note_Density_per_Quarter_Note
111,Note Density per Quarter Note per Voice,"Average number of note onsets per unit of time corresponding to an idealized quarter note, divided by the total number of voices present (i.e. the number of MIDI channels that contain one or more notes in the piece). Takes into account all notes in all voices, including both pitched and unpitched notes.",True,1,Note_Density_per_Quarter_Note_per_Voice
112,Note Density per Quarter Note Variability,"How much the note density per quarter note (average number of note onsetss per idealized quarter note duration) varies throughout the piece. Takes into account all notes in all voices, including both pitched and unpitched notes. In order to calculate this, the piece is broken into windows of 8 quarter note duration, and the note density of each window is calculated. The final value of this feature is then found by calculating the standard deviation of the note densities of these windows. Set to 0 if there is insufficient music for more than one window.",True,1,Note_Density_per_Quarter_Note_Variability
113,Rhythmic Value Histogram,"A feature vector, representing a normalized histogram where the value of each bin specifies the fraction of all notes in the music with a rhythmic value corresponding to that of the given bin. The bins are numbered as follows: thirty second notes (or less) [0], sixteenth notes [1], eighth notes [2], dotted eighth notes [3], quarter notes [4], dotted quarter notes [5], half notes [6], dotted half notes [7], whole notes [8], dotted whole notes [9], double whole notes [10] and dotted double whole notes (or more ) [11]. Both pitched and unpitched notes are included in this histogram. Tempo is, of course, not relevant to this histogram. Notes with durations not precisely matching one of these rhythmic note values are mapped to the closest note value (to filter out the effects of rubato or uneven human rhythmic performances, for example). This histogram is calculated without regard to the dynamics, voice or instrument of any given note.",True,12,Rhythmic_Value_Histogram
114,Range of Rhythmic Values,A measure of the difference between the shortest rhythmic values and the longest rhythmic values in the music. Measured in number of bins in the Rhythmic Value Histogram separating the first (i.e. the one with the shortest rhythmic value) non-zero bin and the last (i.e. the one with the longest rhythmic value) non-zero bin.,True,1,Range_of_Rhythmic_Values
115,Number of Different Rhythmic Values Present,"Number of different quantized rhythmic values (e.g. quarter notes, dotted quarter notes, half notes, etc.) that occur at least once in the music. This is found by finding all non-zero entries in the Rhythmic Value Histogram.",True,1,Number_of_Different_Rhythmic_Values_Present
116,Number of Common Rhythmic Values Present,"Number of different quantized rhythmic values (e.g. quarter notes, dotted quarter notes, half notes, etc.) that represent at least 15% of the rhythmic values in the music. This is found by finding all non-zero entries in the Rhythmic Value Histogram.",True,1,Number_of_Common_Rhythmic_Values_Present
117,Prevalence of Very Short Rhythmic Values,"Fraction of all notes in the music that have a quantized rhythmic value less than an eighth note. This includes both pitched and unpitched notes, is calculated after rhythmic quantization, is not influenced by tempo, and is calculated without regard to the dynamics, voice or instrument of any given note.",True,1,Prevalence_of_Very_Short_Rhythmic_Values
118,Prevalence of Short Rhythmic Values,"Fraction of all notes in the music that have a quantized rhythmic value less than a dotted eighth note. This includes both pitched and unpitched notes, is calculated after rhythmic quantization, is not influenced by tempo, and is calculated without regard to the dynamics, voice or instrument of any given note.",True,1,Prevalence_of_Short_Rhythmic_Values
119,Prevalence of Medium Rhythmic Values,"Fraction of all notes in the music that have a quantized rhythmic value between an eighth note and a half note (inclusive). This includes both pitched and unpitched notes, is calculated after rhythmic quantization, is not influenced by tempo, and is calculated without regard to the dynamics, voice or instrument of any given note.",True,1,Prevalence_of_Medium_Rhythmic_Values
120,Prevalence of Long Rhythmic Values,"Fraction of all notes in the music that have a quantized rhythmic value greater than a dotted quarter note. This includes both pitched and unpitched notes, is calculated after rhythmic quantization, is not influenced by tempo, and is calculated without regard to the dynamics, voice or instrument of any given note.",True,1,Prevalence_of_Long_Rhythmic_Values
121,Prevalence of Very Long Rhythmic Values,"Fraction of all notes in the music that have a quantized rhythmic value greater than a whole note. This includes both pitched and unpitched notes, is calculated after rhythmic quantization, is not influenced by tempo, and is calculated without regard to the dynamics, voice or instrument of any given note.",True,1,Prevalence_of_Very_Long_Rhythmic_Values
122,Prevalence of Dotted Notes,"Fraction of all notes in the music that have a quantized rhythmic value consisting of a dotted eighth note, dotted quarter note, dotted half note, dotted whole note or dotted double whole note. This includes both pitched and unpitched notes, is calculated after rhythmic quantization, is not influenced by tempo, and is calculated without regard to the dynamics, voice or instrument of any given note.",True,1,Prevalence_of_Dotted_Notes
123,Shortest Rhythmic Value,"Rhythmic value of the shortest note in the piece, expressed as a fraction of a quarter note. For example, a value of 0.5 indicates that the shortest note is an eighth note. This calculation includes both pitched and unpitched notes, is calculated after rhythmic quantization, is not influenced by tempo, and is calculated without regard to the dynamics, voice or instrument of any given note.",True,1,Shortest_Rhythmic_Value
124,Longest Rhythmic Value,"Rhythmic value of the longest note in the piece, expressed as a fraction of a quarter note. For example, a value of 2 indicates that the longest note is a half note. This calculation includes both pitched and unpitched notes, is calculated after rhythmic quantization, is not influenced by tempo, and is calculated without regard to the dynamics, voice or instrument of any given note.",True,1,Longest_Rhythmic_Value
125,Mean Rhythmic Value,"The mean rhythmic value of the music, in quarter note units. So, for example, a Mean Rhythmic Value of 0.5 would mean that the duration of an eighth note corresponds to the mean average rhythmic value in the music. This calculation includes both pitched and unpitched notes, is calculated after rhythmic quantization, is not influenced by tempo, and is calculated without regard to the dynamics, voice or instrument of any given note.",True,1,Mean_Rhythmic_Value
126,Most Common Rhythmic Value,"The most common rhythmic value of the music, in quarter note units. So, for example, a Most Common Rhythmic Value of 0.5 would mean that eighth notes occur more frequently than any other rhythmic value. This calculation includes both pitched and unpitched notes, is calculated after rhythmic quantization, is not influenced by tempo, and is calculated without regard to the dynamics, voice or instrument of any given note.",True,1,Most_Common_Rhythmic_Value
127,Prevalence of Most Common Rhythmic Value,"The fraction of all notes that have a rhythmic value corresponding to the most common rhythmic value in the music. This calculation includes both pitched and unpitched notes, is calculated after rhythmic quantization, is not influenced by tempo, and is calculated without regard to the dynamics, voice or instrument of any given note.",True,1,Prevalence_of_Most_Common_Rhythmic_Value
128,Relative Prevalence of Most Common Rhythmic Values,"Relative frequency of the of the second most common rhythmic value in the piece, divided by the relative frequency of the most common rhythmic value. This calculation includes both pitched and unpitched notes, is calculated after rhythmic quantization, is not influenced by tempo, and is calculated without regard to the dynamics, voice or instrument of any given note.",True,1,Relative_Prevalence_of_Most_Common_Rhythmic_Values
129,Difference Between Most Common Rhythmic Values,A measure of the difference between the two most common rhythmic values in the music. Measured in number of bins in the Rhythmic Value Histogram separating the two most common rhythmic values.,True,1,Difference_Between_Most_Common_Rhythmic_Values
130,Rhythmic Value Variability,"Standard deviation of the note durations in quarter notes of all notes in the music. Provides a measure of how close the rhythmic values are to the mean rhythmic value. This calculation includes both pitched and unpitched notes, is calculated after rhythmic quantization, is not influenced by tempo, and is calculated without regard to the dynamics, voice or instrument of any given note.",True,1,Rhythmic_Value_Variability
131,Rhythmic Value Skewness,"Skewness of the note durations in quarter notes of all notes in the music. Provides a measure of how asymmetrical the rhythmic value distribution is to either the left or the right of the mean rhythmic value. A value of zero indicates no skew. This calculation includes both pitched and unpitched notes, is calculated after rhythmic quantization, is not influenced by tempo, and is calculated without regard to the dynamics, voice or instrument of any given note.",True,1,Rhythmic_Value_Skewness
132,Rhythmic Value Kurtosis,"Kurtosis of the note durations in quarter notes of all notes in the music. Provides a measure of how peaked or flat the rhythmic value distribution is. The higher the kurtosis, the more the rhythmic values are clustered near the mean and the fewer outliers there are. This calculation includes both pitched and unpitched notes, is calculated after rhythmic quantization, is not influenced by tempo, and is calculated without regard to the dynamics, voice or instrument of any given note.",True,1,Rhythmic_Value_Kurtosis
133,Rhythmic Value Median Run Lengths Histogram,"A normalized feature vector that indicates, for each rhythmic value, the normalized median number of times that notes with that rhythmic value occur consecutively (either vertically or horizontally) in the same voice (MIDI channel and track). Each bin corresponds to a different rhythmic value, and they are numbered as follows: thirty second notes (or less) [0], sixteenth notes [1], eighth notes [2], dotted eighth notes [3], quarter notes [4], dotted quarter notes [5], half notes [6], dotted half notes [7], whole notes [8], dotted whole notes [9], double whole notes [10] and dotted double whole notes (or more ) [11]. Both pitched and unpitched notes are included in this histogram. Tempo is, of course, not relevant to this histogram. Notes with durations not precisely matching one of these rhythmic note values are mapped to the closest note value (to filter out the effects of rubato or uneven human rhythmic performances, for example). This histogram is calculated without regard to dynamics.",True,12,Rhythmic_Value_Median_Run_Lengths_Histogram
134,Mean Rhythmic Value Run Length,"Mean number of notes of the same rhythmic value that occur consecutively (either vertically or horizontally) in the same voice (MIDI channel and track). This calculation includes both pitched and unpitched notes, is calculated after rhythmic quantization and not influenced by neither tempo nor dynamics.",True,1,Mean_Rhythmic_Value_Run_Length
135,Median Rhythmic Value Run Length,"Median number of notes of the same rhythmic value that occur consecutively (either vertically or horizontally) in the same voice (MIDI channel and track). This calculation includes both pitched and unpitched notes, is calculated after rhythmic quantization and not influenced by neither tempo nor dynamics.",True,1,Median_Rhythmic_Value_Run_Length
136,Variability in Rhythmic Value Run Lengths,"Standard deviation of the numbers of notes of the same rhythmic value that occur consecutively (either vertically or horizontally) in the same voice (MIDI channel and track). This calculation includes both pitched and unpitched notes, is calculated after rhythmic quantization and not influenced by neither tempo nor dynamics.",True,1,Variability_in_Rhythmic_Value_Run_Lengths
137,Rhythmic Value Variability in Run Lengths Histogram,"A normalized feature vector that indicates, for each rhythmic value, the normalized standard deviation of the number of times that notes with that rhythmic value occur consecutively (either vertically or horizontally) in the same voice (MIDI channel and track). Each bin corresponds to a different rhythmic value, and they are numbered as follows: thirty second notes (or less) [0], sixteenth notes [1], eighth notes [2], dotted eighth notes [3], quarter notes [4], dotted quarter notes [5], half notes [6], dotted half notes [7], whole notes [8], dotted whole notes [9], double whole notes [10] and dotted double whole notes (or more ) [11]. Both pitched and unpitched notes are included in this histogram. Tempo is, of course, not relevant to this histogram. Notes with durations not precisely matching one of these rhythmic note values are mapped to the closest note value (to filter out the effects of rubato or uneven human rhythmic performances, for example). This histogram is calculated without regard to dynamics.",True,12,Rhythmic_Value_Variability_in_Run_Lengths_Histogram
138,Mean Rhythmic Value Offset,"Mean offset in duration of notes from the idealized durations of each of their nearest quantized rhythmic values, expressed as a fraction of the duration of an idealized quantized quarter note. Offsets are treated as absolute values, so offsets that are longer or shorter than each idealized duration are both treated as identical positive numbers in this calculation. This feature provides an indication of how consistently quantized note durations are or, expressed slightly differently, how well they conform to idealized note durations. Higher values indicate greater average deviation from idealized note durations. Both pitched and unpitched notes are included, and this is calculated without regard to the dynamics, voice or instrument of any given note.",True,1,Mean_Rhythmic_Value_Offset
139,Median Rhythmic Value Offset,"Median offset in duration of notes from the idealized durations of each of their nearest quantized rhythmic values, expressed as a fraction of the duration of an idealized quantized quarter note. Offsets are treated as absolute values, so offsets that are longer or shorter than each idealized duration are both treated as identical positive numbers in this calculation. This feature provides an indication of how consistently quantized note durations are or, expressed slightly differently, how well they conform to idealized note durations. Higher values indicate greater average deviation from idealized note durations. Both pitched and unpitched notes are included, and this is calculated without regard to the dynamics, voice or instrument of any given note.",True,1,Median_Rhythmic_Value_Offset
140,Variability of Rhythmic Value Offsets,"Standard deviation of the offsets of note durations of notes from the idealized durations of each of their nearest quantized rhythmic values, expressed as a fraction of the duration of an idealized quantized quarter note. Offsets are treated as absolute values, so offsets that are longer or shorter than each idealized duration are both treated as identical positive numbers in this calculation. This feature provides an indication of how much these offsets vary or, expressed slightly differently, how rhythmically consistent note durations are. A higher value indicates greater variety in offsets between different notes. Both pitched and unpitched notes are included, and this is calculated without regard to the dynamics, voice or instrument of any given note.",True,1,Variability_of_Rhythmic_Value_Offsets
141,Complete Rests Fraction,Fraction of the music during which no pitched notes are sounding on any MIDI channel. Non-pitched (MIDI channel 10) notes are not considered in this calculation.,True,1,Complete_Rests_Fraction
142,Partial Rests Fraction,Fraction of the music during which no note is sounding on at least one active MIDI channel. Non-pitched (MIDI channel 10) notes ARE considered in this calculation. Only channels containing at least one note are counted in this calculation.,True,1,Partial_Rests_Fraction
143,Average Rest Fraction Across Voices,"Fraction of the duration of each MIDI channel during which no note is sounding on that channel, averaged across all channels that contain at least one note. Non-pitched (MIDI channel 10) notes ARE considered in this calculation.",True,1,Average_Rest_Fraction_Across_Voices
144,Longest Complete Rest,Longest amount of uninterrupted time (expressed as a fraction of the duration of a quarter note) in which no pitched notes are sounding on any MIDI channel. Non-pitched (MIDI channel 10) notes are not considered in this calculation. Rests shorter than 0.1 of a quarter note are ignored in this calculation.,True,1,Longest_Complete_Rest
145,Longest Partial Rest,Longest amount of uninterrupted time (expressed as a fraction of the duration of a quarter note) in which no notes are sounding on at least one active MIDI channel. Non-pitched (MIDI channel 10) notes ARE considered in this calculation. Only channels containing at least one note are counted in this calculation. Rests shorter than 0.1 of a quarter note are ignored in this calculation.,True,1,Longest_Partial_Rest
146,Mean Complete Rest Duration,"Mean duration of complete rests in the piece, expressed as a fraction of the duration of a quarter note. A complete rest is defined as a period in which no pitched notes are sounding on any MIDI channel. Non-pitched (MIDI channel 10) notes are not considered in this calculation. Rests shorter than 0.1 of a quarter note are ignored in this calculation.",True,1,Mean_Complete_Rest_Duration
147,Mean Partial Rest Duration,"Mean duration of rests in the piece, expressed as a fraction of the duration of a quarter note. This is calculated voice-by-voice, where each rest included in the calculation corresponds to a rest in one MIDI channel, regardless of what may or may not be happening simultaneously in any other MIDI channels. Non-pitched (MIDI channel 10) notes ARE considered in this calculation. Only channels containing at least one note are counted in this calculation. Rests shorter than 0.1 of a quarter note are ignored in this calculation.",True,1,Mean_Partial_Rest_Duration
148,Median Complete Rest Duration,"Median duration of complete rests in the piece, expressed as a fraction of the duration of a quarter note. A complete rest is defined as a period in which no pitched notes are sounding on any MIDI channel. Non-pitched (MIDI channel 10) notes are not considered in this calculation. Rests shorter than 0.1 of a quarter note are ignored in this calculation.",True,1,Median_Complete_Rest_Duration
149,Median Partial Rest Duration,"Median duration of rests in the piece, expressed as a fraction of the duration of a quarter note. This is calculated voice-by-voice, where each rest included in the calculation corresponds to a rest in one MIDI channel, regardless of what may or may not be happening simultaneously in any other MIDI channels. Non-pitched (MIDI channel 10) notes ARE considered in this calculation. Only channels containing at least one note are counted in this calculation. Rests shorter than 0.1 of a quarter note are ignored in this calculation.",True,1,Median_Partial_Rest_Duration
150,Variability of Complete Rest Durations,"Standard deviation of the durations of all complete rests in the piece, expressed as a fraction of the duration of a quarter note. A complete rest is defined as a period in which no pitched notes are sounding on any MIDI channel. Non-pitched (MIDI channel 10) notes are not considered in this calculation. Rests shorter than 0.1 of a quarter note are ignored in this calculation.",True,1,Variability_of_Complete_Rest_Durations
151,Variability of Partial Rest Durations,"Standard deviation of the durations of rests in the piece, expressed as a fraction of the duration of a quarter note. This is calculated voice-by-voice, where each rest included in the calculation corresponds to a rest in one MIDI channel, regardless of what may or may not be happening simultaneously in any other MIDI channels. Non-pitched (MIDI channel 10) notes ARE considered in this calculation. Only channels containing at least one note are counted in this calculation. Rests shorter than 0.1 of a quarter note are ignored in this calculation.",True,1,Variability_of_Partial_Rest_Durations
152,Variability Across Voices of Combined Rests,Standard deviation of the total amount of time (expressed as a fraction of the duration of a quarter note) per active MIDI channel in which no notes are sounding in that channel. Only channels containing at least one note are counted in this calculation. Non-pitched (MIDI channel 10) notes ARE considered in this calculation.,True,1,Variability_Across_Voices_of_Combined_Rests
153,Beat Histogram Tempo Standardized,"A feature vector consisting of the bin magnitudes of the beat histogram described in the jSymbolic manual. However, the tempo of the music is standardized to 120 BPM throughout the piece before this histogram is calculated. This means that variations in tempo within a single piece are in effect eliminated for the purposes of this histogram. The tempo-independent beat histograms of different pieces can also be compared in a way that is independent of potential tempo differences between the pieces. Rubato and dynamics do still influence the tempo-independent beat histogram, however. Also, the first 40 bins are not included in this feature vector, as is the case with the basic beat histogram. Each bin corresponds to a different beats per minute periodicity, with tempo increasing with the bin index. The magnitude of each bin is proportional to the cumulative loudness (MIDI velocity) of the notes that occur at that bin's rhythmic periodicity. The histogram is normalized.",True,161,Beat_Histogram_Tempo_Standardized
154,Number of Strong Rhythmic Pulses - Tempo Standardized,Number of tempo-standardized beat histogram peaks with normalized magnitudes over 0.1.,True,1,Number_of_Strong_Rhythmic_Pulses_-_Tempo_Standardized
155,Number of Moderate Rhythmic Pulses - Tempo Standardized,Number of tempo-standardized beat histogram peaks with normalized magnitudes over 0.01.,True,1,Number_of_Moderate_Rhythmic_Pulses_-_Tempo_Standardized
156,Number of Relatively Strong Rhythmic Pulses - Tempo Standardized,Number of tempo-standardized beat histogram peaks with magnitudes at least 30% as high as the magnitude of the tempo-standardized beat histogram peak with the highest magnitude.,True,1,Number_of_Relatively_Strong_Rhythmic_Pulses_-_Tempo_Standardized
157,Strongest Rhythmic Pulse - Tempo Standardized,Bin index of the tempo-standardized beat histogram bin with the highest magnitude.,True,1,Strongest_Rhythmic_Pulse_-_Tempo_Standardized
158,Second Strongest Rhythmic Pulse - Tempo Standardized,Bin index of the tempo-standardized beat histogram peak with the second highest magnitude.,True,1,Second_Strongest_Rhythmic_Pulse_-_Tempo_Standardized
159,Harmonicity of Two Strongest Rhythmic Pulses - Tempo Standardized,"Bin index of the higher (in terms of bin index) of the two tempo-standardized beat histogram peaks with the highest magnitude, divided by the index of the lower (in terms of bin index) of the two bins.",True,1,Harmonicity_of_Two_Strongest_Rhythmic_Pulses_-_Tempo_Standardized
160,Strength of Strongest Rhythmic Pulse - Tempo Standardized,Magnitude of the tempo-standardized beat histogram bin with the highest magnitude.,True,1,Strength_of_Strongest_Rhythmic_Pulse_-_Tempo_Standardized
161,Strength of Second Strongest Rhythmic Pulse - Tempo Standardized,Magnitude of the tempo-standardized beat histogram peak with the second highest magnitude.,True,1,Strength_of_Second_Strongest_Rhythmic_Pulse_-_Tempo_Standardized
162,Strength Ratio of Two Strongest Rhythmic Pulses - Tempo Standardized,Magnitude of the tempo-standardized beat histogram peak with the highest magnitude divided by the magnitude of the tempo-standardized beat histogram peak with the second highest magnitude.,True,1,Strength_Ratio_of_Two_Strongest_Rhythmic_Pulses_-_Tempo_Standardized
163,Combined Strength of Two Strongest Rhythmic Pulses - Tempo Standardized,Sum of the magnitudes of the two tempo-standardized beat histogram peaks with the highest magnitudes.,True,1,Combined_Strength_of_Two_Strongest_Rhythmic_Pulses_-_Tempo_Standardized
164,Rhythmic Variability - Tempo Standardized,Standard deviation of the tempo-standardized beat histogram bin magnitudes,True,1,Rhythmic_Variability_-_Tempo_Standardized
165,Rhythmic Looseness - Tempo Standardized,Average width of tempo-standardized beat histogram peaks. The width of a peak is defined here as the distance (in beats per minute) between the two points on the peak in question that have magnitudes closest to 30% of the height of the peak. Only peaks with magnitudes at least 30% as high as the highest peak are considered in this calculation.,True,1,Rhythmic_Looseness_-_Tempo_Standardized
166,Polyrhythms - Tempo Standardized,"Number of tempo-standardized beat histogram peaks with magnitudes at least 30% as high as the magnitude of the highest peak, and whose bin labels are not integer multiples or factors (using only multipliers of 1, 2, 3, 4, 6 and 8, and with an accepted error of +/- 3 bins) of the bin label of the peak with the highest magnitude. This number is then divided by the total number of bins with frequencies over 30% of the highest magnitude.",True,1,Polyrhythms_-_Tempo_Standardized
167,Initial Tempo,Tempo in beats per minute at the start of the piece. Set to the default MIDI value (120 BPM) if no tempo is specified explicitly.,True,1,Initial_Tempo
168,Mean Tempo,Average tempo of the piece in beats per minute. Set to the default MIDI value (120 BPM) if no tempo is specified explicitly.,True,1,Mean_Tempo
169,Tempo Variability,Standard deviation of the tempo in beats per minute.,True,1,Tempo_Variability
170,Duration in Seconds,Total duration (in seconds) of the piece.,True,1,Duration_in_Seconds
171,Note Density,"Average number of notes per second. Takes into account all notes in all voices, including both pitched and unpitched notes.",True,1,Note_Density
172,Note Density Variability,"How much the note density (average number of notes per second) varies throughout the piece.  Takes into account all notes in all voices, including both pitched and unpitched notes. In order to calculate this, the piece is broken into windows of 5 second duration, and the note density of each window is calculated. The final value of this feature is then found by calculating the standard deviation of the note densities of these windows. Set to 0 if there is insufficient music for more than one window.",True,1,Note_Density_Variability
173,Average Time Between Attacks,Average time (in seconds) between Note On events (regardless of MIDI channel). Set to 0 if there are less than two attacks.,True,1,Average_Time_Between_Attacks
174,Average Time Between Attacks for Each Voice,Average of the individual channel averages of time (in seconds) between Note On events in each given MIDI channel. Only channels that contain at least one note are included in this calculation.,True,1,Average_Time_Between_Attacks_for_Each_Voice
175,Variability of Time Between Attacks,Standard deviation of the times (in seconds) between Note On events (regardless of MIDI channel).,True,1,Variability_of_Time_Between_Attacks
176,Average Variability of Time Between Attacks for Each Voice,Average of the standard deviations (in seconds) of each individual MIDI channel's time between Note On events. Only channels that contain at least one note are included in this calculation.,True,1,Average_Variability_of_Time_Between_Attacks_for_Each_Voice
177,Minimum Note Duration,Duration of the shortest note in the piece (in seconds). Set to 0 if there are no notes.,True,1,Minimum_Note_Duration
178,Maximum Note Duration,Duration of the longest note in the piece (in seconds).,True,1,Maximum_Note_Duration
179,Average Note Duration,Average duration of notes (in seconds).,True,1,Average_Note_Duration
180,Variability of Note Durations,Standard deviation of note durations (in seconds).,True,1,Variability_of_Note_Durations
181,Amount of Staccato,"Number of notes with a duration less than 0.1 seconds, divided by the total number of notes in the piece.",True,1,Amount_of_Staccato
182,Beat Histogram,"A feature vector consisting of the bin magnitudes of the beat histogram described in the jSymbolic manual. The first 40 bins are not included in this feature vector, however. Each bin corresponds to a different beats per minute periodicity, with tempo increasing with the bin index. The magnitude of each bin is proportional to the cumulative loudness (MIDI velocity) of the notes that occur at that bin's rhythmic periodicity. The histogram is normalized.",True,161,Beat_Histogram
183,Number of Strong Rhythmic Pulses,Number of beat histogram peaks with normalized magnitudes over 0.1.,True,1,Number_of_Strong_Rhythmic_Pulses
184,Number of Moderate Rhythmic Pulses,Number of beat histogram peaks with normalized magnitudes over 0.01.,True,1,Number_of_Moderate_Rhythmic_Pulses
185,Number of Relatively Strong Rhythmic Pulses,Number of beat histogram peaks with magnitudes at least 30% as high as the magnitude of the beat histogram peak with the highest magnitude.,True,1,Number_of_Relatively_Strong_Rhythmic_Pulses
186,Strongest Rhythmic Pulse,Bin index of the beat histogram bin with the highest magnitude.,True,1,Strongest_Rhythmic_Pulse
187,Second Strongest Rhythmic Pulse,Bin index of the beat histogram peak with the second highest magnitude.,True,1,Second_Strongest_Rhythmic_Pulse
188,Harmonicity of Two Strongest Rhythmic Pulses,"Bin index of the higher (in terms of bin index) of the two beat histogram peaks with the highest magnitude, divided by the index of the lower (in terms of bin index) of the two bins.",True,1,Harmonicity_of_Two_Strongest_Rhythmic_Pulses
189,Strength of Strongest Rhythmic Pulse,Magnitude of the beat histogram bin with the highest magnitude.,True,1,Strength_of_Strongest_Rhythmic_Pulse
190,Strength of Second Strongest Rhythmic Pulse,Magnitude of the beat histogram peak with the second highest magnitude.,True,1,Strength_of_Second_Strongest_Rhythmic_Pulse
191,Strength Ratio of Two Strongest Rhythmic Pulses,Magnitude of the beat histogram peak with the highest magnitude divided by the magnitude of the beat histogram peak with the second highest magnitude.,True,1,Strength_Ratio_of_Two_Strongest_Rhythmic_Pulses
192,Combined Strength of Two Strongest Rhythmic Pulses,Sum of the magnitudes of the two beat histogram peaks with the highest magnitudes.,True,1,Combined_Strength_of_Two_Strongest_Rhythmic_Pulses
193,Rhythmic Variability,Standard deviation of the beat histogram bin magnitudes,True,1,Rhythmic_Variability
194,Rhythmic Looseness,Average width of beat histogram peaks. The width of a peak is defined here as the distance (in beats per minute) between the two points on the peak in question that have magnitudes closest to 30% of the height of the peak. Only peaks with magnitudes at least 30% as high as the highest peak are considered in this calculation.,True,1,Rhythmic_Looseness
195,Polyrhythms,"Number of beat histogram peaks with magnitudes at least 30% as high as the magnitude of the highest peak, and whose bin labels are not integer multiples or factors (using only multipliers of 1, 2, 3, 4, 6 and 8, and with an accepted error of +/- 3 bins) of the bin label of the peak with the highest magnitude. This number is then divided by the total number of bins with frequencies over 30% of the highest magnitude.",True,1,Polyrhythms
196,Pitched Instruments Present,"A feature vector indicating which pitched instruments are present. Has one entry for each of the 128 General MIDI Instrument patches (0 is Acoustic Piano, 40 is Violin, etc.). Each value is set to 1 if at least one note is played using the corresponding patch, or to 0 if that patch is never used.",True,128,Pitched_Instruments_Present
197,Unpitched Instruments Present,"A feature vector indicating which unpitched instruments are present. Has one entry for each of the 47 MIDI Percussion Key Map instruments. Each value is set to 1 if at least one note is played using the corresponding instrument, or to 0 if that instrument is never used. It should be noted that only MIDI Channel 10 instruments 35 to 81 are included here, as they are the ones that meet the official standard (they are correspondingly indexed in this feature vector from 0 to 46, such that index 0 corresponds to Acoustic Bass Drum, index 4 corresponds to Hand Clap, etc.).",True,47,Unpitched_Instruments_Present
198,Note Prevalence of Pitched Instruments,"A feature vector indicating the fraction of (pitched) notes played with each of the 128 General MIDI Instrument patches (0 is Acoustic Piano, 40 is Violin, etc.). Has one entry for each of these instruments, and the value of each is set to the number of Note Ons played with the corresponding MIDI patch, divided by the total number of Note Ons in the piece.",True,128,Note_Prevalence_of_Pitched_Instruments
199,Note Prevalence of Unpitched Instruments,"A feature vector indicating the fraction of (unpitched) notes played with each of the 47 MIDI Percussion Key Map instruments. Has one entry for each of these 47 instruments, and the value of each is set to the number of Note Ons played with the corresponding instrument, divided by the total number of Note Ons in the piece. It should be noted that only MIDI Channel 10 instruments 35 to 81 are included here, as they are the ones that meet the official standard (they are correspondingly indexed in this feature vector from 0 to 46, such that index 0 corresponds to Acoustic Bass Drum, index 4 corresponds to Hand Clap, etc.).",True,47,Note_Prevalence_of_Unpitched_Instruments
200,Time Prevalence of Pitched Instruments,"A feature vector indicating the fraction of time during which (pitched) notes are being sounded by each of the 128 General MIDI Instrument patches (0 is Acoustic Piano, 40 is Violin, etc.). Has one entry for each of these instruments, and the value of each is set to to the total time in seconds in a piece during which at least one note is being sounded with the corresponding MIDI patch, divided by the total length of the piece in seconds.",True,128,Time_Prevalence_of_Pitched_Instruments
201,Variability of Note Prevalence of Pitched Instruments,Standard deviation of the fraction of total notes in the piece played by each (pitched) General MIDI Instrument patch that is used to play at least one note.,True,1,Variability_of_Note_Prevalence_of_Pitched_Instruments
202,Variability of Note Prevalence of Unpitched Instruments,"Standard deviation of the fraction of total notes in the piece played by each (unpitched) MIDI Percussion Key Map instrument that is used to play at least one note. It should be noted that only MIDI Channel 10 instruments 35 to 81 are included here, as they are the ones that meet the official standard.",True,1,Variability_of_Note_Prevalence_of_Unpitched_Instruments
203,Number of Pitched Instruments,Total number of (pitched) General MIDI instrument patches that are used to play at least one note.,True,1,Number_of_Pitched_Instruments
204,Number of Unpitched Instruments,"Total number of (unpitched) MIDI Percussion Key Map instruments that are used to play at least one note. It should be noted that only MIDI Channel 10 instruments 35 to 81 are included here, as they are the ones that meet the official standard.",True,1,Number_of_Unpitched_Instruments
205,Unpitched Percussion Instrument Prevalence,"Fraction of all Note Ons played by (unpitched) MIDI Percussion Key Map instruments. It should be noted that only MIDI Channel 10 instruments 35 to 81 are included here, as they are the ones that meet the official standard.",True,1,Unpitched_Percussion_Instrument_Prevalence
206,String Keyboard Prevalence,Fraction of all Note Ons played by string keyboard instruments (General MIDI patches 1 to 8).,True,1,String_Keyboard_Prevalence
207,Acoustic Guitar Prevalence,Fraction of all Note Ons played by acoustic guitar instruments (General MIDI patches 25 and 26).,True,1,Acoustic_Guitar_Prevalence
208,Electric Guitar Prevalence,Fraction of all Note Ons played by electric guitar instruments (General MIDI patches 27 to 32).,True,1,Electric_Guitar_Prevalence
209,Violin Prevalence,Fraction of all Note Ons played by violin instruments (General MIDI patches 41 or 111).,True,1,Violin_Prevalence
210,Saxophone Prevalence,Fraction of all Note Ons played by saxophone instruments (General MIDI patches 65 to 68).,True,1,Saxophone_Prevalence
211,Brass Prevalence,"Fraction of all Note Ons played by brass instruments, including saxophones (General MIDI patches 57 to 68).",True,1,Brass_Prevalence
212,Woodwinds Prevalence,Fraction of all Note Ons played by woodwind instruments (General MIDI patches 69 to 76).,True,1,Woodwinds_Prevalence
213,Orchestral Strings Prevalence,Fraction of all Note Ons played by orchestral string instruments (General MIDI patches 41 to 47).,True,1,Orchestral_Strings_Prevalence
214,String Ensemble Prevalence,Fraction of all Note Ons played by orchestral string ensemble instruments (General MIDI patches 49 to 52).,True,1,String_Ensemble_Prevalence
215,Electric Instrument Prevalence,"Fraction of all Note Ons played by electric non-""synth"" instruments (General MIDI patches 5, 6, 17, 19, 27 to 32, 34 to 40).",True,1,Electric_Instrument_Prevalence
216,Maximum Number of Independent Voices,Maximum number of different channels in which notes are sounded simultaneously.,True,1,Maximum_Number_of_Independent_Voices
217,Average Number of Independent Voices,Average number of different channels in which notes are sounded simultaneously. Rests are not included in this calculation.,True,1,Average_Number_of_Independent_Voices
218,Variability of Number of Independent Voices,Standard deviation of the number of different channels in which notes are sounded simultaneously at each given moment (MIDI tick). Rests are not included in this calculation.,True,1,Variability_of_Number_of_Independent_Voices
219,Voice Equality - Number of Notes,Standard deviation of the total number of Note Ons in each channel that contains at least one note.,True,1,Voice_Equality_-_Number_of_Notes
220,Voice Equality - Note Duration,Standard deviation of the cumulative amount of time during which one or more notes were sounding in each channel that contains at least one note.,True,1,Voice_Equality_-_Note_Duration
221,Voice Equality - Dynamics,Standard deviation of the average loudness (MIDI velocity) of notes in each channel that contains at least one note.,True,1,Voice_Equality_-_Dynamics
222,Voice Equality - Melodic Leaps,Standard deviation of the average melodic leap distance of each channel that contains at least one note.,True,1,Voice_Equality_-_Melodic_Leaps
223,Voice Equality - Range,Standard deviation of the differences between the highest and lowest pitches in each channel that contains at least one note.,True,1,Voice_Equality_-_Range
224,Importance of Loudest Voice,Difference between the average loudness (MIDI velocity) of the loudest channel and the average loudness of the other channels that contain at least one note.,True,1,Importance_of_Loudest_Voice
225,Relative Range of Loudest Voice,"Difference between the highest note and the lowest note played in the channel with the highest average loudness (MIDI velocity), divided by the difference between the highest note and the lowest note in the piece as a whole. Set to 0 if there if there are fewer than 2 pitches in the music.",True,1,Relative_Range_of_Loudest_Voice
226,Relative Range Isolation of Loudest Voice,"Number of pitched notes in the MIDI channel with the highest average loudness that fall outside the range of any other pitched channel, divided by the total number of notes in the channel with the highest average loudness. Set to 0 if there are only 0 or 1 channels containing pitched notes.",True,1,Relative_Range_Isolation_of_Loudest_Voice
227,Relative Range of Highest Line,"Pitch difference in semitones between the highest note and the lowest note played in the channel with the highest average pitch, divided by the difference between the highest note and the lowest note in the piece overall. Set to 0 if there if there are fewer than 2 pitches in the music.",True,1,Relative_Range_of_Highest_Line
228,Relative Note Density of Highest Line,"Number of Note Ons in the channel with the highest average pitch, divided by the average number of Note Ons in all channels that contain at least one note.",True,1,Relative_Note_Density_of_Highest_Line
229,Relative Note Durations of Lowest Line,"Average duration of notes (in seconds) in the channel with the lowest average pitch, divided by the average duration of notes in all channels that contain at least one note.",True,1,Relative_Note_Durations_of_Lowest_Line
230,Relative Size of Melodic Intervals in Lowest Line,"Average melodic interval in semitones in the channel with the lowest average pitch, divided by the average melodic interval in all channels that contain at least two notes.",True,1,Relative_Size_of_Melodic_Intervals_in_Lowest_Line
231,Voice Overlap,"Number of notes played within the range of another channel, divided by the total number of notes in the piece as a whole.",True,1,Voice_Overlap
232,Voice Separation,Average separation in semitones between the average pitches of consecutive channels (after sorting based on average pitch) that contain at least one note.,True,1,Voice_Separation
233,Variability of Voice Separation,Average separation in semi-tones between the average pitches of consecutive channels (after sorting based on average pitch) that contain at least one note.,True,1,Variability_of_Voice_Separation
234,Parallel Motion,"Fraction of movements between voices that consist of parallel motion (the fraction is calculated relative to the total amount of qualifying transitions, including all parallel, similar, contrary and oblique transitions). If more than two voices are involved in a given pitch transition, then each possible pair of voices comprising the transition is included in the calculation. Note that only transitions from one set of pitches to another set of pitches comprising the same number of pitches as the first are included in this calculation, although a brief lookahead is performed in order to accommodate small rhythmic desynchronizations (e.g. if a MIDI file is a transcription of a human performance). Only unique pitches are included in this calculation (unisons are treated as a single pitch). All pitches present are considered, regardless of their MIDI channel or track; this has the advantage of accommodating polyphonic instruments such as piano or guitar, but the consequence is that this feature does not incorporate an awareness of voice crossing.",True,1,Parallel_Motion
235,Similar Motion,"Fraction of movements between voices that consist of similar motion (the fraction is calculated relative to the total amount of qualifying transitions, including all parallel, similar, contrary and oblique transitions). If more than two voices are involved in a given pitch transition, then each possible pair of voices comprising the transition is included in the calculation. Note that only transitions from one set of pitches to another set of pitches comprising the same number of pitches as the first are included in this calculation, although a brief lookahead is performed in order to accommodate small rhythmic desynchronizations (e.g. if a MIDI file is a transcription of a human performance). Only unique pitches are included in this calculation (unisons are treated as a single pitch). All pitches present are considered, regardless of their MIDI channel or track; this has the advantage of accomodating polyphonic instruments such as piano or guitar, but the consequence is that this feature does not incorporate an awareness of voice crossing.",True,1,Similar_Motion
236,Contrary Motion,"Fraction of movements between voices that consist of contrary motion (the fraction is calculated relative to the total amount of qualifying transitions, including all parallel, similar, contrary and oblique transitions). If more than two voices are involved in a given pitch transition, then each possible pair of voices comprising the transition is included in the calculation. Note that only transitions from one set of pitches to another set of pitches comprising the same number of pitches as the first are included in this calculation, although a brief lookahead is performed in order to accommodate small rhythmic desynchronizations (e.g. if a MIDI file is a transcription of a human performance). Only unique pitches are included in this calculation (unisons are treated as a single pitch). All pitches present are considered, regardless of their MIDI channel or track; this has the advantage of accommodating polyphonic instruments such as piano or guitar, but the consequence is that this feature does not incorporate an awareness of voice crossing.",True,1,Contrary_Motion
237,Oblique Motion,"Fraction of movements between voices that consist of oblique motion (the fraction is calculated relative to the total amount of qualifying transitions, including all parallel, similar, contrary and oblique transitions). If more than two voices are involved in a given pitch transition, then each possible pair of voices comprising the transition is included in the calculation. Note that only transitions from one set of pitches to another set of pitches comprising the same number of pitches as the first are included in this calculation, although a brief lookahead is performed in order to accommodate small rhythmic desynchronizations (e.g. if a MIDI file is a transcription of a human performance). Only unique pitches are included in this calculation (unisons are treated as a single pitch). All pitches present are considered, regardless of their MIDI channel or track; this has the advantage of accommodating polyphonic instruments such as piano or guitar, but the consequence is that this feature does not incorporate an awareness of voice crossing.",True,1,Oblique_Motion
238,Parallel Fifths,"Fraction of movements between voices that consist of parallel fifths (the fraction is calculated relative to the total amount of qualifying transitions, including all parallel, similar, contrary and oblique transitions). If more than two voices are involved in a given pitch transition, then each possible pair of voices comprising the transition is included in the calculation. Note that only transitions from one set of pitches to another set of pitches comprising the same number of pitches as the first are included in this calculation, although a brief lookahead is performed in order to accommodate small rhythmic desynchronizations (e.g. if a MIDI file is a transcription of a human performance). Only unique pitches are included in this calculation (unisons are treated as a single pitch). All pitches present are considered, regardless of their MIDI channel or track; this has the advantage of accommodating polyphonic instruments such as piano or guitar, but the consequence is that this feature does not incorporate an awareness of voice crossing.",True,1,Parallel_Fifths
239,Parallel Octaves,"Fraction of movements between voices that consist of parallel octaves (the fraction is calculated relative to the total amount of qualifying transitions, including all parallel, similar, contrary and oblique transitions). If more than two voices are involved in a given pitch transition, then each possible pair of voices comprising the transition is included in the calculation. Note that only transitions from one set of pitches to another set of pitches comprising the same number of pitches as the first are included in this calculation, although a brief lookahead is performed in order to accommodate small rhythmic desynchronizations (e.g. if a MIDI file is a transcription of a human performance). Only unique pitches are included in this calculation (unisons are treated as a single pitch). All pitches present are considered, regardless of their MIDI channel or track; this has the advantage of accommodating polyphonic instruments such as piano or guitar, but the consequence is that this feature does not incorporate an awareness of voice crossing.",True,1,Parallel_Octaves
240,Dynamic Range,"Loudness of the loudest note in the piece, minus the loudness of the softest note.",True,1,Dynamic_Range
241,Variation of Dynamics,Standard deviation of loudness levels across all notes.,True,1,Variation_of_Dynamics
242,Variation of Dynamics In Each Voice,"Standard deviations of note loudness levels within each MIDI channel, averaged across all channels. Only channels that contain at least one note are included in this calculation.",True,1,Variation_of_Dynamics_In_Each_Voice
243,Average Note to Note Change in Dynamics,Average change of loudness from one note to the next note in the same MIDI channel.,True,1,Average_Note_to_Note_Change_in_Dynamics
